{"stats":{"minecraft:picked_up":{"minecraft:stick":17},"minecraft:used":{"create:deployer":1,"securitycraft:keypad_frame":1,"create:mechanical_arm":1},"minecraft:mined":{"minecraft:dead_bush":21},"minecraft:custom":{"minecraft:jump":119,"minecraft:time_since_rest":7403,"minecraft:crouch_one_cm":1180,"minecraft:leave_game":1,"minecraft:play_time":7403,"minecraft:sprint_one_cm":15556,"minecraft:time_since_death":7403,"minecraft:walk_on_water_one_cm":170,"minecraft:walk_one_cm":4159,"minecraft:sneak_time":532,"minecraft:total_world_time":7403,"minecraft:fall_one_cm":2113,"minecraft:fly_one_cm":50147}},"DataVersion":3465}