{"stats":{"minecraft:picked_up":{"minecraft:stick":12,"minecraft:cactus":2},"minecraft:used":{"minecraft:cactus":1},"minecraft:mined":{"minecraft:cactus":2,"minecraft:dead_bush":10},"minecraft:custom":{"minecraft:jump":126,"minecraft:time_since_rest":3589,"minecraft:damage_dealt":115,"minecraft:crouch_one_cm":624,"minecraft:damage_taken":30,"minecraft:sprint_one_cm":3587,"minecraft:play_time":3589,"minecraft:time_since_death":3589,"minecraft:walk_one_cm":18073,"minecraft:sneak_time":162,"minecraft:total_world_time":3589,"minecraft:fall_one_cm":3236,"minecraft:fly_one_cm":4800}},"DataVersion":3465}